{
  "C0": {
    "autonomous_safe_completion_at_1": 0.3472222222222222,
    "brier": 0.2667541666666666,
    "compensation_attempt_rate": 0.0,
    "compensation_success_rate": 1.0,
    "confirmation_burden": 0.0,
    "critical_false_greenlight_rate": 0.1388888888888889,
    "harm_weighted_cost": 0.5451388888888888,
    "human_assisted_safe_completion": 0.0,
    "mean_latency_ms": 2.188555551886869,
    "n": 72,
    "overblock_rate": 0.09722222222222222,
    "partial_failure_rate": 0.0,
    "preflight_success_rate": 0.9305555555555556,
    "risk_pr_auc": 0.18284773097273097,
    "safe_completion_at_1": 0.3472222222222222,
    "safe_intervention_rate": 0.027777777777777776,
    "scope_authorized_precision": 0.9375,
    "scope_f1": 0.8584337349397592,
    "scope_required_recall": 0.7916666666666666,
    "unauthorized_scope_rate": 0.041666666666666664
  },
  "C1": {
    "autonomous_safe_completion_at_1": 0.3472222222222222,
    "brier": 0.2230263888888889,
    "compensation_attempt_rate": 0.0,
    "compensation_success_rate": 1.0,
    "confirmation_burden": 0.0,
    "critical_false_greenlight_rate": 0.1388888888888889,
    "harm_weighted_cost": 0.6666666666666666,
    "human_assisted_safe_completion": 0.0,
    "mean_latency_ms": 2.4681513847705596,
    "n": 72,
    "overblock_rate": 0.05555555555555555,
    "partial_failure_rate": 0.0,
    "preflight_success_rate": 0.9305555555555556,
    "risk_pr_auc": 0.22139520686032313,
    "safe_completion_at_1": 0.3472222222222222,
    "safe_intervention_rate": 0.027777777777777776,
    "scope_authorized_precision": 0.9641203703703705,
    "scope_f1": 0.8715140716374269,
    "scope_required_recall": 0.7951388888888888,
    "unauthorized_scope_rate": 0.08333333333333333
  },
  "C2": {
    "autonomous_safe_completion_at_1": 0.4444444444444444,
    "brier": 0.1560277777777778,
    "compensation_attempt_rate": 0.0,
    "compensation_success_rate": 1.0,
    "confirmation_burden": 0.0,
    "critical_false_greenlight_rate": 0.05555555555555555,
    "harm_weighted_cost": 0.3958333333333333,
    "human_assisted_safe_completion": 0.0,
    "mean_latency_ms": 2.222661108438236,
    "n": 72,
    "overblock_rate": 0.027777777777777776,
    "partial_failure_rate": 0.0,
    "preflight_success_rate": 0.9722222222222222,
    "risk_pr_auc": 0.444281045751634,
    "safe_completion_at_1": 0.4444444444444444,
    "safe_intervention_rate": 0.013888888888888888,
    "scope_authorized_precision": 0.9444444444444444,
    "scope_f1": 0.8585858585858587,
    "scope_required_recall": 0.7870370370370371,
    "unauthorized_scope_rate": 0.027777777777777776
  },
  "C3": {
    "autonomous_safe_completion_at_1": 0.4305555555555556,
    "brier": 0.06479468761252798,
    "compensation_attempt_rate": 0.0,
    "compensation_success_rate": 1.0,
    "confirmation_burden": 0.4722222222222222,
    "critical_false_greenlight_rate": 0.013888888888888888,
    "harm_weighted_cost": 0.1159722222222222,
    "human_assisted_safe_completion": 0.4444444444444444,
    "mean_latency_ms": 5.527872223562251,
    "n": 72,
    "overblock_rate": 0.041666666666666664,
    "partial_failure_rate": 0.0,
    "preflight_success_rate": 0.9722222222222222,
    "risk_pr_auc": 0.21496721530844373,
    "safe_completion_at_1": 0.875,
    "safe_intervention_rate": 0.05555555555555555,
    "scope_authorized_precision": 0.9444444444444444,
    "scope_f1": 0.8585858585858587,
    "scope_required_recall": 0.7870370370370371,
    "unauthorized_scope_rate": 0.027777777777777776
  },
  "C4": {
    "autonomous_safe_completion_at_1": 0.3194444444444444,
    "brier": 0.0847929048919457,
    "compensation_attempt_rate": 0.0,
    "compensation_success_rate": 1.0,
    "confirmation_burden": 0.6111111111111112,
    "critical_false_greenlight_rate": 0.013888888888888888,
    "harm_weighted_cost": 0.13680555555555554,
    "human_assisted_safe_completion": 0.5833333333333334,
    "mean_latency_ms": 3.5209708358807905,
    "n": 72,
    "overblock_rate": 0.041666666666666664,
    "partial_failure_rate": 0.0,
    "preflight_success_rate": 0.9722222222222222,
    "risk_pr_auc": 0.08548929249119003,
    "safe_completion_at_1": 0.9027777777777778,
    "safe_intervention_rate": 0.05555555555555555,
    "scope_authorized_precision": 0.9444444444444444,
    "scope_f1": 0.8585858585858587,
    "scope_required_recall": 0.7870370370370371,
    "unauthorized_scope_rate": 0.027777777777777776
  },
  "C5": {
    "autonomous_safe_completion_at_1": 0.3472222222222222,
    "brier": 0.06476101648405744,
    "compensation_attempt_rate": 0.0,
    "compensation_success_rate": 1.0,
    "confirmation_burden": 0.5972222222222222,
    "critical_false_greenlight_rate": 0.013888888888888888,
    "harm_weighted_cost": 0.12430555555555554,
    "human_assisted_safe_completion": 0.5694444444444444,
    "mean_latency_ms": 5.831694451949766,
    "n": 72,
    "overblock_rate": 0.027777777777777776,
    "partial_failure_rate": 0.0,
    "preflight_success_rate": 0.9722222222222222,
    "risk_pr_auc": 0.4724935400516796,
    "safe_completion_at_1": 0.9166666666666666,
    "safe_intervention_rate": 0.05555555555555555,
    "scope_authorized_precision": 0.9652777777777778,
    "scope_f1": 0.8782135076252724,
    "scope_required_recall": 0.8055555555555556,
    "unauthorized_scope_rate": 0.027777777777777776
  }
}
