{
  "C0": {
    "autonomous_safe_completion_at_1": 0.35833333333333334,
    "brier": 0.21077749999999998,
    "compensation_attempt_rate": 0.0,
    "compensation_success_rate": 1.0,
    "confirmation_burden": 0.0,
    "critical_false_greenlight_rate": 0.12777777777777777,
    "harm_weighted_cost": 0.7097222222222223,
    "human_assisted_safe_completion": 0.0,
    "mean_latency_ms": 2.7890838876677058,
    "n": 360,
    "overblock_rate": 0.05,
    "partial_failure_rate": 0.0,
    "preflight_success_rate": 0.8805555555555555,
    "risk_pr_auc": 0.2987216651267956,
    "safe_completion_at_1": 0.35833333333333334,
    "safe_intervention_rate": 0.05555555555555555,
    "scope_authorized_precision": 0.9409259259259259,
    "scope_f1": 0.8582259810393842,
    "scope_required_recall": 0.7888888888888889,
    "unauthorized_scope_rate": 0.08611111111111111
  },
  "C1": {
    "autonomous_safe_completion_at_1": 0.3972222222222222,
    "brier": 0.21354472222222223,
    "compensation_attempt_rate": 0.0,
    "compensation_success_rate": 1.0,
    "confirmation_burden": 0.0,
    "critical_false_greenlight_rate": 0.09444444444444444,
    "harm_weighted_cost": 0.5805555555555556,
    "human_assisted_safe_completion": 0.0,
    "mean_latency_ms": 3.5001947201736687,
    "n": 360,
    "overblock_rate": 0.07777777777777778,
    "partial_failure_rate": 0.0,
    "preflight_success_rate": 0.9166666666666666,
    "risk_pr_auc": 0.17721614949434492,
    "safe_completion_at_1": 0.3972222222222222,
    "safe_intervention_rate": 0.022222222222222223,
    "scope_authorized_precision": 0.9445833333333333,
    "scope_f1": 0.8665718214699458,
    "scope_required_recall": 0.800462962962963,
    "unauthorized_scope_rate": 0.07222222222222222
  },
  "C2": {
    "autonomous_safe_completion_at_1": 0.39444444444444443,
    "brier": 0.17504694444444446,
    "compensation_attempt_rate": 0.0,
    "compensation_success_rate": 1.0,
    "confirmation_burden": 0.0,
    "critical_false_greenlight_rate": 0.08055555555555556,
    "harm_weighted_cost": 0.42916666666666664,
    "human_assisted_safe_completion": 0.0,
    "mean_latency_ms": 4.26015972172738,
    "n": 360,
    "overblock_rate": 0.03888888888888889,
    "partial_failure_rate": 0.0,
    "preflight_success_rate": 0.9555555555555556,
    "risk_pr_auc": 0.22178415706029936,
    "safe_completion_at_1": 0.39444444444444443,
    "safe_intervention_rate": 0.025,
    "scope_authorized_precision": 0.9741203703703704,
    "scope_f1": 0.8873744736688243,
    "scope_required_recall": 0.8148148148148149,
    "unauthorized_scope_rate": 0.05277777777777778
  },
  "C3": {
    "autonomous_safe_completion_at_1": 0.3527777777777778,
    "brier": 0.08227806661782099,
    "compensation_attempt_rate": 0.0,
    "compensation_success_rate": 1.0,
    "confirmation_burden": 0.5388888888888889,
    "critical_false_greenlight_rate": 0.016666666666666666,
    "harm_weighted_cost": 0.1773611111111111,
    "human_assisted_safe_completion": 0.49444444444444446,
    "mean_latency_ms": 9.684695835716816,
    "n": 360,
    "overblock_rate": 0.058333333333333334,
    "partial_failure_rate": 0.0,
    "preflight_success_rate": 0.9555555555555556,
    "risk_pr_auc": 0.47604126262306756,
    "safe_completion_at_1": 0.8472222222222222,
    "safe_intervention_rate": 0.08888888888888889,
    "scope_authorized_precision": 0.9741203703703704,
    "scope_f1": 0.8873744736688243,
    "scope_required_recall": 0.8148148148148149,
    "unauthorized_scope_rate": 0.05277777777777778
  },
  "C4": {
    "autonomous_safe_completion_at_1": 0.33611111111111114,
    "brier": 0.08790108376252063,
    "compensation_attempt_rate": 0.0,
    "compensation_success_rate": 1.0,
    "confirmation_burden": 0.5583333333333333,
    "critical_false_greenlight_rate": 0.013888888888888888,
    "harm_weighted_cost": 0.18583333333333335,
    "human_assisted_safe_completion": 0.5166666666666667,
    "mean_latency_ms": 8.942473334738882,
    "n": 360,
    "overblock_rate": 0.058333333333333334,
    "partial_failure_rate": 0.0,
    "preflight_success_rate": 0.9555555555555556,
    "risk_pr_auc": 0.41592660866484754,
    "safe_completion_at_1": 0.8527777777777777,
    "safe_intervention_rate": 0.09166666666666666,
    "scope_authorized_precision": 0.9741203703703704,
    "scope_f1": 0.8873744736688243,
    "scope_required_recall": 0.8148148148148149,
    "unauthorized_scope_rate": 0.05277777777777778
  },
  "C5": {
    "autonomous_safe_completion_at_1": 0.375,
    "brier": 0.089200874948442,
    "compensation_attempt_rate": 0.0,
    "compensation_success_rate": 1.0,
    "confirmation_burden": 0.5555555555555556,
    "critical_false_greenlight_rate": 0.013888888888888888,
    "harm_weighted_cost": 0.17083333333333334,
    "human_assisted_safe_completion": 0.5138888888888888,
    "mean_latency_ms": 10.076278889512954,
    "n": 360,
    "overblock_rate": 0.03888888888888889,
    "partial_failure_rate": 0.0,
    "preflight_success_rate": 0.9555555555555556,
    "risk_pr_auc": 0.3095657749161548,
    "safe_completion_at_1": 0.8888888888888888,
    "safe_intervention_rate": 0.08055555555555556,
    "scope_authorized_precision": 0.9680555555555556,
    "scope_f1": 0.8785331765935215,
    "scope_required_recall": 0.8041666666666667,
    "unauthorized_scope_rate": 0.022222222222222223
  }
}
