{
  "C0": {
    "autonomous_safe_completion_at_1": 0.3527777777777778,
    "brier": 0.22312527777777774,
    "compensation_attempt_rate": 0.0,
    "compensation_success_rate": 1.0,
    "confirmation_burden": 0.0,
    "critical_false_greenlight_rate": 0.1111111111111111,
    "harm_weighted_cost": 0.5416666666666666,
    "human_assisted_safe_completion": 0.0,
    "mean_latency_ms": 2.0069341650620722,
    "n": 360,
    "overblock_rate": 0.05555555555555555,
    "partial_failure_rate": 0.0,
    "preflight_success_rate": 0.8972222222222223,
    "risk_pr_auc": 0.2374781246042963,
    "safe_completion_at_1": 0.3527777777777778,
    "safe_intervention_rate": 0.06388888888888888,
    "scope_authorized_precision": 0.9512962962962962,
    "scope_f1": 0.8714298623261248,
    "scope_required_recall": 0.803935185185185,
    "unauthorized_scope_rate": 0.07222222222222222
  },
  "C1": {
    "autonomous_safe_completion_at_1": 0.38333333333333336,
    "brier": 0.19524527777777775,
    "compensation_attempt_rate": 0.0,
    "compensation_success_rate": 1.0,
    "confirmation_burden": 0.0,
    "critical_false_greenlight_rate": 0.09444444444444444,
    "harm_weighted_cost": 0.5541666666666667,
    "human_assisted_safe_completion": 0.0,
    "mean_latency_ms": 1.925205278611328,
    "n": 360,
    "overblock_rate": 0.05,
    "partial_failure_rate": 0.0,
    "preflight_success_rate": 0.8972222222222223,
    "risk_pr_auc": 0.20928217428202617,
    "safe_completion_at_1": 0.38333333333333336,
    "safe_intervention_rate": 0.022222222222222223,
    "scope_authorized_precision": 0.9563888888888887,
    "scope_f1": 0.8719179054459457,
    "scope_required_recall": 0.8011574074074073,
    "unauthorized_scope_rate": 0.05
  },
  "C2": {
    "autonomous_safe_completion_at_1": 0.4222222222222222,
    "brier": 0.1674038888888889,
    "compensation_attempt_rate": 0.0,
    "compensation_success_rate": 1.0,
    "confirmation_burden": 0.0,
    "critical_false_greenlight_rate": 0.06944444444444445,
    "harm_weighted_cost": 0.34930555555555554,
    "human_assisted_safe_completion": 0.0,
    "mean_latency_ms": 2.5014733355621703,
    "n": 360,
    "overblock_rate": 0.025,
    "partial_failure_rate": 0.0,
    "preflight_success_rate": 0.9444444444444444,
    "risk_pr_auc": 0.22990146663856786,
    "safe_completion_at_1": 0.4222222222222222,
    "safe_intervention_rate": 0.022222222222222223,
    "scope_authorized_precision": 0.9882407407407408,
    "scope_f1": 0.8978953861827879,
    "scope_required_recall": 0.8226851851851852,
    "unauthorized_scope_rate": 0.016666666666666666
  },
  "C3": {
    "autonomous_safe_completion_at_1": 0.375,
    "brier": 0.07470156934320145,
    "compensation_attempt_rate": 0.0,
    "compensation_success_rate": 1.0,
    "confirmation_burden": 0.5166666666666667,
    "critical_false_greenlight_rate": 0.022222222222222223,
    "harm_weighted_cost": 0.19416666666666665,
    "human_assisted_safe_completion": 0.4861111111111111,
    "mean_latency_ms": 5.473039442181794,
    "n": 360,
    "overblock_rate": 0.05555555555555555,
    "partial_failure_rate": 0.0,
    "preflight_success_rate": 0.9444444444444444,
    "risk_pr_auc": 0.32286113536831695,
    "safe_completion_at_1": 0.8611111111111112,
    "safe_intervention_rate": 0.06944444444444445,
    "scope_authorized_precision": 0.9882407407407408,
    "scope_f1": 0.8978953861827879,
    "scope_required_recall": 0.8226851851851852,
    "unauthorized_scope_rate": 0.016666666666666666
  },
  "C4": {
    "autonomous_safe_completion_at_1": 0.33611111111111114,
    "brier": 0.06802304661301534,
    "compensation_attempt_rate": 0.0,
    "compensation_success_rate": 1.0,
    "confirmation_burden": 0.5722222222222222,
    "critical_false_greenlight_rate": 0.005555555555555556,
    "harm_weighted_cost": 0.1386111111111111,
    "human_assisted_safe_completion": 0.5388888888888889,
    "mean_latency_ms": 7.442167502530436,
    "n": 360,
    "overblock_rate": 0.05555555555555555,
    "partial_failure_rate": 0.0,
    "preflight_success_rate": 0.9444444444444444,
    "risk_pr_auc": 0.4551531863268303,
    "safe_completion_at_1": 0.875,
    "safe_intervention_rate": 0.08611111111111111,
    "scope_authorized_precision": 0.9882407407407408,
    "scope_f1": 0.8978953861827879,
    "scope_required_recall": 0.8226851851851852,
    "unauthorized_scope_rate": 0.016666666666666666
  },
  "C5": {
    "autonomous_safe_completion_at_1": 0.35,
    "brier": 0.07744339888890467,
    "compensation_attempt_rate": 0.0,
    "compensation_success_rate": 1.0,
    "confirmation_burden": 0.575,
    "critical_false_greenlight_rate": 0.005555555555555556,
    "harm_weighted_cost": 0.13694444444444442,
    "human_assisted_safe_completion": 0.5416666666666666,
    "mean_latency_ms": 7.758603056491767,
    "n": 360,
    "overblock_rate": 0.05277777777777778,
    "partial_failure_rate": 0.0,
    "preflight_success_rate": 0.9444444444444444,
    "risk_pr_auc": 0.3858340506477328,
    "safe_completion_at_1": 0.8916666666666667,
    "safe_intervention_rate": 0.07777777777777778,
    "scope_authorized_precision": 0.9657407407407408,
    "scope_f1": 0.8795048834735519,
    "scope_required_recall": 0.8074074074074075,
    "unauthorized_scope_rate": 0.013888888888888888
  }
}
