reference_strategy,calibration_pr_auc,calibration_brier,selection_score,selected
random,0.3764246323529412,0.037799980923321846,0.36697463712211076,True
farthest_first,0.362863499126013,0.03647893805286615,0.3537437646127965,False
