{
  "C0": {
    "autonomous_safe_completion_at_1": 0.38055555555555554,
    "brier": 0.20900027777777777,
    "compensation_attempt_rate": 0.0,
    "compensation_success_rate": 1.0,
    "confirmation_burden": 0.0,
    "critical_false_greenlight_rate": 0.12777777777777777,
    "harm_weighted_cost": 0.7222222222222222,
    "human_assisted_safe_completion": 0.0,
    "mean_latency_ms": 2.507816113777355,
    "n": 360,
    "overblock_rate": 0.05555555555555555,
    "partial_failure_rate": 0.0,
    "preflight_success_rate": 0.8916666666666667,
    "risk_pr_auc": 0.28903018686666826,
    "safe_completion_at_1": 0.38055555555555554,
    "safe_intervention_rate": 0.05277777777777778,
    "scope_authorized_precision": 0.9523611111111112,
    "scope_f1": 0.8696936710458345,
    "scope_required_recall": 0.8002314814814814,
    "unauthorized_scope_rate": 0.06388888888888888
  },
  "C1": {
    "autonomous_safe_completion_at_1": 0.3888888888888889,
    "brier": 0.19770027777777777,
    "compensation_attempt_rate": 0.0,
    "compensation_success_rate": 1.0,
    "confirmation_burden": 0.0,
    "critical_false_greenlight_rate": 0.1111111111111111,
    "harm_weighted_cost": 0.6243055555555556,
    "human_assisted_safe_completion": 0.0,
    "mean_latency_ms": 2.5328919424080394,
    "n": 360,
    "overblock_rate": 0.04722222222222222,
    "partial_failure_rate": 0.0,
    "preflight_success_rate": 0.9138888888888889,
    "risk_pr_auc": 0.21450620340575308,
    "safe_completion_at_1": 0.3888888888888889,
    "safe_intervention_rate": 0.019444444444444445,
    "scope_authorized_precision": 0.9694907407407407,
    "scope_f1": 0.8787085755982639,
    "scope_required_recall": 0.8034722222222223,
    "unauthorized_scope_rate": 0.044444444444444446
  },
  "C2": {
    "autonomous_safe_completion_at_1": 0.4027777777777778,
    "brier": 0.17740944444444445,
    "compensation_attempt_rate": 0.0,
    "compensation_success_rate": 1.0,
    "confirmation_burden": 0.0,
    "critical_false_greenlight_rate": 0.08055555555555556,
    "harm_weighted_cost": 0.45625,
    "human_assisted_safe_completion": 0.0,
    "mean_latency_ms": 2.4679791670577185,
    "n": 360,
    "overblock_rate": 0.030555555555555555,
    "partial_failure_rate": 0.0,
    "preflight_success_rate": 0.9444444444444444,
    "risk_pr_auc": 0.206197769836671,
    "safe_completion_at_1": 0.4027777777777778,
    "safe_intervention_rate": 0.030555555555555555,
    "scope_authorized_precision": 0.980648148148148,
    "scope_f1": 0.8944744035288947,
    "scope_required_recall": 0.8222222222222222,
    "unauthorized_scope_rate": 0.05
  },
  "C3": {
    "autonomous_safe_completion_at_1": 0.3388888888888889,
    "brier": 0.08149886596930297,
    "compensation_attempt_rate": 0.0,
    "compensation_success_rate": 1.0,
    "confirmation_burden": 0.5388888888888889,
    "critical_false_greenlight_rate": 0.022222222222222223,
    "harm_weighted_cost": 0.19263888888888886,
    "human_assisted_safe_completion": 0.5027777777777778,
    "mean_latency_ms": 4.927584720038188,
    "n": 360,
    "overblock_rate": 0.05277777777777778,
    "partial_failure_rate": 0.0,
    "preflight_success_rate": 0.9444444444444444,
    "risk_pr_auc": 0.477452712235105,
    "safe_completion_at_1": 0.8416666666666667,
    "safe_intervention_rate": 0.08888888888888889,
    "scope_authorized_precision": 0.980648148148148,
    "scope_f1": 0.8944744035288947,
    "scope_required_recall": 0.8222222222222222,
    "unauthorized_scope_rate": 0.05
  },
  "C4": {
    "autonomous_safe_completion_at_1": 0.30833333333333335,
    "brier": 0.15447304219402838,
    "compensation_attempt_rate": 0.0,
    "compensation_success_rate": 1.0,
    "confirmation_burden": 0.5944444444444444,
    "critical_false_greenlight_rate": 0.011111111111111112,
    "harm_weighted_cost": 0.17319444444444446,
    "human_assisted_safe_completion": 0.5555555555555556,
    "mean_latency_ms": 5.554495834318611,
    "n": 360,
    "overblock_rate": 0.05277777777777778,
    "partial_failure_rate": 0.0,
    "preflight_success_rate": 0.9444444444444444,
    "risk_pr_auc": 0.4871680547804469,
    "safe_completion_at_1": 0.8638888888888889,
    "safe_intervention_rate": 0.1,
    "scope_authorized_precision": 0.980648148148148,
    "scope_f1": 0.8944744035288947,
    "scope_required_recall": 0.8222222222222222,
    "unauthorized_scope_rate": 0.05
  },
  "C5": {
    "autonomous_safe_completion_at_1": 0.35555555555555557,
    "brier": 0.14353609731090095,
    "compensation_attempt_rate": 0.0,
    "compensation_success_rate": 1.0,
    "confirmation_burden": 0.5805555555555556,
    "critical_false_greenlight_rate": 0.011111111111111112,
    "harm_weighted_cost": 0.15861111111111112,
    "human_assisted_safe_completion": 0.5416666666666666,
    "mean_latency_ms": 6.872075557799286,
    "n": 360,
    "overblock_rate": 0.03611111111111111,
    "partial_failure_rate": 0.0,
    "preflight_success_rate": 0.9444444444444444,
    "risk_pr_auc": 0.31595409847419786,
    "safe_completion_at_1": 0.8972222222222223,
    "safe_intervention_rate": 0.08055555555555556,
    "scope_authorized_precision": 0.9777777777777777,
    "scope_f1": 0.8875096974398757,
    "scope_required_recall": 0.8125,
    "unauthorized_scope_rate": 0.016666666666666666
  }
}
