{
  "C0": {
    "autonomous_safe_completion_at_1": 0.35,
    "brier": 0.22334166666666663,
    "compensation_attempt_rate": 0.0,
    "compensation_success_rate": 1.0,
    "confirmation_burden": 0.0,
    "critical_false_greenlight_rate": 0.15,
    "harm_weighted_cost": 0.8680555555555556,
    "human_assisted_safe_completion": 0.0,
    "mean_latency_ms": 3.421958888712753,
    "n": 360,
    "overblock_rate": 0.06111111111111111,
    "partial_failure_rate": 0.0,
    "preflight_success_rate": 0.8805555555555555,
    "risk_pr_auc": 0.26496256776347216,
    "safe_completion_at_1": 0.35,
    "safe_intervention_rate": 0.044444444444444446,
    "scope_authorized_precision": 0.9422685185185186,
    "scope_f1": 0.862201563002845,
    "scope_required_recall": 0.7946759259259258,
    "unauthorized_scope_rate": 0.08333333333333333
  },
  "C1": {
    "autonomous_safe_completion_at_1": 0.3611111111111111,
    "brier": 0.20363555555555557,
    "compensation_attempt_rate": 0.0,
    "compensation_success_rate": 1.0,
    "confirmation_burden": 0.0,
    "critical_false_greenlight_rate": 0.11944444444444445,
    "harm_weighted_cost": 0.6611111111111111,
    "human_assisted_safe_completion": 0.0,
    "mean_latency_ms": 2.663587221953397,
    "n": 360,
    "overblock_rate": 0.044444444444444446,
    "partial_failure_rate": 0.0,
    "preflight_success_rate": 0.9027777777777778,
    "risk_pr_auc": 0.24023696585169507,
    "safe_completion_at_1": 0.3611111111111111,
    "safe_intervention_rate": 0.03333333333333333,
    "scope_authorized_precision": 0.9683796296296296,
    "scope_f1": 0.8768672225807513,
    "scope_required_recall": 0.8011574074074073,
    "unauthorized_scope_rate": 0.05
  },
  "C2": {
    "autonomous_safe_completion_at_1": 0.40555555555555556,
    "brier": 0.1749822222222222,
    "compensation_attempt_rate": 0.0,
    "compensation_success_rate": 1.0,
    "confirmation_burden": 0.0,
    "critical_false_greenlight_rate": 0.07222222222222222,
    "harm_weighted_cost": 0.4388888888888889,
    "human_assisted_safe_completion": 0.0,
    "mean_latency_ms": 3.1559855547837086,
    "n": 360,
    "overblock_rate": 0.044444444444444446,
    "partial_failure_rate": 0.0,
    "preflight_success_rate": 0.9361111111111111,
    "risk_pr_auc": 0.20478684891117252,
    "safe_completion_at_1": 0.40555555555555556,
    "safe_intervention_rate": 0.025,
    "scope_authorized_precision": 0.9788888888888888,
    "scope_f1": 0.8940152929822457,
    "scope_required_recall": 0.8226851851851852,
    "unauthorized_scope_rate": 0.05277777777777778
  },
  "C3": {
    "autonomous_safe_completion_at_1": 0.37777777777777777,
    "brier": 0.066999622538759,
    "compensation_attempt_rate": 0.0,
    "compensation_success_rate": 1.0,
    "confirmation_burden": 0.5111111111111111,
    "critical_false_greenlight_rate": 0.008333333333333333,
    "harm_weighted_cost": 0.1634722222222222,
    "human_assisted_safe_completion": 0.475,
    "mean_latency_ms": 8.03909555155163,
    "n": 360,
    "overblock_rate": 0.06388888888888888,
    "partial_failure_rate": 0.0,
    "preflight_success_rate": 0.9361111111111111,
    "risk_pr_auc": 0.5091665684954825,
    "safe_completion_at_1": 0.8527777777777777,
    "safe_intervention_rate": 0.08888888888888889,
    "scope_authorized_precision": 0.9788888888888888,
    "scope_f1": 0.8940152929822457,
    "scope_required_recall": 0.8226851851851852,
    "unauthorized_scope_rate": 0.05277777777777778
  },
  "C4": {
    "autonomous_safe_completion_at_1": 0.33055555555555555,
    "brier": 0.0782157742748099,
    "compensation_attempt_rate": 0.0,
    "compensation_success_rate": 1.0,
    "confirmation_burden": 0.5666666666666667,
    "critical_false_greenlight_rate": 0.005555555555555556,
    "harm_weighted_cost": 0.15513888888888888,
    "human_assisted_safe_completion": 0.5305555555555556,
    "mean_latency_ms": 5.151706942059617,
    "n": 360,
    "overblock_rate": 0.06388888888888888,
    "partial_failure_rate": 0.0,
    "preflight_success_rate": 0.9361111111111111,
    "risk_pr_auc": 0.5598486901036697,
    "safe_completion_at_1": 0.8611111111111112,
    "safe_intervention_rate": 0.09166666666666666,
    "scope_authorized_precision": 0.9788888888888888,
    "scope_f1": 0.8940152929822457,
    "scope_required_recall": 0.8226851851851852,
    "unauthorized_scope_rate": 0.05277777777777778
  },
  "C5": {
    "autonomous_safe_completion_at_1": 0.425,
    "brier": 0.08376129060114612,
    "compensation_attempt_rate": 0.0,
    "compensation_success_rate": 1.0,
    "confirmation_burden": 0.5166666666666667,
    "critical_false_greenlight_rate": 0.005555555555555556,
    "harm_weighted_cost": 0.1288888888888889,
    "human_assisted_safe_completion": 0.48055555555555557,
    "mean_latency_ms": 6.755753336538975,
    "n": 360,
    "overblock_rate": 0.03888888888888889,
    "partial_failure_rate": 0.0,
    "preflight_success_rate": 0.9361111111111111,
    "risk_pr_auc": 0.36253728538599156,
    "safe_completion_at_1": 0.9055555555555556,
    "safe_intervention_rate": 0.075,
    "scope_authorized_precision": 0.9740740740740741,
    "scope_f1": 0.8846028176593823,
    "scope_required_recall": 0.8101851851851852,
    "unauthorized_scope_rate": 0.011111111111111112
  }
}
