{
  "C0": {
    "autonomous_safe_completion_at_1": 0.3333333333333333,
    "brier": 0.24129055555555554,
    "compensation_attempt_rate": 0.0,
    "compensation_success_rate": 1.0,
    "confirmation_burden": 0.0,
    "critical_false_greenlight_rate": 0.16666666666666666,
    "harm_weighted_cost": 0.8465277777777778,
    "human_assisted_safe_completion": 0.0,
    "mean_latency_ms": 3.2678769432499797,
    "n": 360,
    "overblock_rate": 0.06944444444444445,
    "partial_failure_rate": 0.0,
    "preflight_success_rate": 0.8888888888888888,
    "risk_pr_auc": 0.25266319722122926,
    "safe_completion_at_1": 0.3333333333333333,
    "safe_intervention_rate": 0.03333333333333333,
    "scope_authorized_precision": 0.9377314814814814,
    "scope_f1": 0.8579860026090105,
    "scope_required_recall": 0.7907407407407406,
    "unauthorized_scope_rate": 0.09166666666666666
  },
  "C1": {
    "autonomous_safe_completion_at_1": 0.38333333333333336,
    "brier": 0.212375,
    "compensation_attempt_rate": 0.0,
    "compensation_success_rate": 1.0,
    "confirmation_burden": 0.0,
    "critical_false_greenlight_rate": 0.08888888888888889,
    "harm_weighted_cost": 0.54375,
    "human_assisted_safe_completion": 0.0,
    "mean_latency_ms": 2.5551516679115593,
    "n": 360,
    "overblock_rate": 0.08055555555555556,
    "partial_failure_rate": 0.0,
    "preflight_success_rate": 0.9277777777777778,
    "risk_pr_auc": 0.18049511671847468,
    "safe_completion_at_1": 0.38333333333333336,
    "safe_intervention_rate": 0.022222222222222223,
    "scope_authorized_precision": 0.9589814814814815,
    "scope_f1": 0.875735076218431,
    "scope_required_recall": 0.805787037037037,
    "unauthorized_scope_rate": 0.06666666666666667
  },
  "C2": {
    "autonomous_safe_completion_at_1": 0.4222222222222222,
    "brier": 0.17667194444444445,
    "compensation_attempt_rate": 0.0,
    "compensation_success_rate": 1.0,
    "confirmation_burden": 0.0,
    "critical_false_greenlight_rate": 0.06666666666666667,
    "harm_weighted_cost": 0.4597222222222222,
    "human_assisted_safe_completion": 0.0,
    "mean_latency_ms": 3.1009194460542253,
    "n": 360,
    "overblock_rate": 0.05,
    "partial_failure_rate": 0.0,
    "preflight_success_rate": 0.9333333333333333,
    "risk_pr_auc": 0.19680417860345698,
    "safe_completion_at_1": 0.4222222222222222,
    "safe_intervention_rate": 0.022222222222222223,
    "scope_authorized_precision": 0.9748148148148148,
    "scope_f1": 0.8890343348050165,
    "scope_required_recall": 0.8171296296296297,
    "unauthorized_scope_rate": 0.04722222222222222
  },
  "C3": {
    "autonomous_safe_completion_at_1": 0.37222222222222223,
    "brier": 0.0639278404366528,
    "compensation_attempt_rate": 0.0,
    "compensation_success_rate": 1.0,
    "confirmation_burden": 0.5055555555555555,
    "critical_false_greenlight_rate": 0.008333333333333333,
    "harm_weighted_cost": 0.15083333333333332,
    "human_assisted_safe_completion": 0.4638888888888889,
    "mean_latency_ms": 5.76657722510087,
    "n": 360,
    "overblock_rate": 0.07777777777777778,
    "partial_failure_rate": 0.0,
    "preflight_success_rate": 0.9333333333333333,
    "risk_pr_auc": 0.4277692817517777,
    "safe_completion_at_1": 0.8361111111111111,
    "safe_intervention_rate": 0.08055555555555556,
    "scope_authorized_precision": 0.9748148148148148,
    "scope_f1": 0.8890343348050165,
    "scope_required_recall": 0.8171296296296297,
    "unauthorized_scope_rate": 0.04722222222222222
  },
  "C4": {
    "autonomous_safe_completion_at_1": 0.33611111111111114,
    "brier": 0.10607552004205824,
    "compensation_attempt_rate": 0.0,
    "compensation_success_rate": 1.0,
    "confirmation_burden": 0.5583333333333333,
    "critical_false_greenlight_rate": 0.0,
    "harm_weighted_cost": 0.1420833333333333,
    "human_assisted_safe_completion": 0.5138888888888888,
    "mean_latency_ms": 4.567696390181987,
    "n": 360,
    "overblock_rate": 0.07777777777777778,
    "partial_failure_rate": 0.0,
    "preflight_success_rate": 0.9333333333333333,
    "risk_pr_auc": 0.3362570337030647,
    "safe_completion_at_1": 0.85,
    "safe_intervention_rate": 0.08888888888888889,
    "scope_authorized_precision": 0.9748148148148148,
    "scope_f1": 0.8890343348050165,
    "scope_required_recall": 0.8171296296296297,
    "unauthorized_scope_rate": 0.04722222222222222
  },
  "C5": {
    "autonomous_safe_completion_at_1": 0.37222222222222223,
    "brier": 0.12859006342587023,
    "compensation_attempt_rate": 0.0,
    "compensation_success_rate": 1.0,
    "confirmation_burden": 0.5527777777777778,
    "critical_false_greenlight_rate": 0.002777777777777778,
    "harm_weighted_cost": 0.13013888888888886,
    "human_assisted_safe_completion": 0.5111111111111111,
    "mean_latency_ms": 5.1752280521517,
    "n": 360,
    "overblock_rate": 0.05555555555555555,
    "partial_failure_rate": 0.0,
    "preflight_success_rate": 0.9333333333333333,
    "risk_pr_auc": 0.22852246970621587,
    "safe_completion_at_1": 0.8833333333333333,
    "safe_intervention_rate": 0.07777777777777778,
    "scope_authorized_precision": 0.9583333333333334,
    "scope_f1": 0.8753280839895015,
    "scope_required_recall": 0.8055555555555556,
    "unauthorized_scope_rate": 0.016666666666666666
  }
}
